{"v":"5.8.1","fr":29.9700012207031,"ip":0,"op":154.000006272549,"w":1080,"h":1080,"nm":"Brain","ddd":0,"assets":[],"layers":[{"ddd":0,"ind":1,"ty":3,"nm":"Shape Layer 3: Path 1 [1.1.0]","cl":"1 0","parent":16,"sr":1,"ks":{"o":{"a":0,"k":0,"ix":11},"r":{"a":0,"k":0,"ix":10},"p":{"a":0,"k":[-2,-2.5,0],"ix":2,"l":2},"a":{"a":0,"k":[0,0,0],"ix":1,"l":2},"s":{"a":0,"k":[100,100,100],"ix":6,"l":2}},"ao":0,"ip":0,"op":1800.0000733155,"st":0,"bm":0},{"ddd":0,"ind":2,"ty":3,"nm":"Shape Layer 3: Path 1 [1.1.1]","cl":"1 1","parent":19,"sr":1,"ks":{"o":{"a":0,"k":0,"ix":11},"r":{"a":0,"k":0,"ix":10},"p":{"a":0,"k":[-15,2,0],"ix":2,"l":2},"a":{"a":0,"k":[0,0,0],"ix":1,"l":2},"s":{"a":0,"k":[100,100,100],"ix":6,"l":2}},"ao":0,"ip":0,"op":1800.0000733155,"st":0,"bm":0},{"ddd":0,"ind":3,"ty":3,"nm":"Shape Layer 3: Path 1 [1.1.2]","cl":"1 2","sr":1,"ks":{"o":{"a":0,"k":0,"ix":11},"r":{"a":0,"k":0,"ix":10},"p":{"a":1,"k":[{"i":{"x":0.667,"y":1},"o":{"x":0.333,"y":0},"t":0,"s":[750,400.5,0],"to":[0,0,0],"ti":[0,0,0]},{"i":{"x":0.656,"y":0.733},"o":{"x":0.297,"y":0},"t":48,"s":[748,328.5,0],"to":[0,0,0],"ti":[0,0,0]},{"i":{"x":0.667,"y":1},"o":{"x":0.422,"y":0.329},"t":105,"s":[722.642,369.627,0],"to":[0,0,0],"ti":[0,0,0]},{"t":154.000006272549,"s":[750,400.5,0]}],"ix":2,"l":2},"a":{"a":0,"k":[0,0,0],"ix":1,"l":2},"s":{"a":1,"k":[{"i":{"x":[0.667,0.667,0.667],"y":[1,1,1]},"o":{"x":[0.333,0.333,0.333],"y":[0,0,0]},"t":0,"s":[100,100,100]},{"i":{"x":[0.656,0.656,0.656],"y":[1.082,1.082,1.153]},"o":{"x":[0.297,0.297,0.297],"y":[0,0,0]},"t":48,"s":[118,118,100]},{"i":{"x":[0.667,0.667,0.667],"y":[1,1,1]},"o":{"x":[0.422,0.422,0.422],"y":[0.059,0.059,-0.161]},"t":105,"s":[157.219,157.219,100]},{"t":154.000006272549,"s":[100,100,100]}],"ix":6,"l":2}},"ao":0,"ip":0,"op":1800.0000733155,"st":0,"bm":0},{"ddd":0,"ind":4,"ty":3,"nm":"Shape Layer 3: Path 1 [1.1.3]","cl":"1 3","sr":1,"ks":{"o":{"a":0,"k":0,"ix":11},"r":{"a":0,"k":0,"ix":10},"p":{"a":1,"k":[{"i":{"x":0.667,"y":1},"o":{"x":0.333,"y":0},"t":0,"s":[615.5,374,0],"to":[0,0,0],"ti":[0,0,0]},{"i":{"x":0.656,"y":0.827},"o":{"x":0.297,"y":0},"t":48,"s":[633.5,310,0],"to":[0,0,0],"ti":[0,0,0]},{"i":{"x":0.667,"y":1},"o":{"x":0.422,"y":0.49},"t":105,"s":[591.718,364.559,0],"to":[0,0,0],"ti":[0,0,0]},{"t":154.000006272549,"s":[615.5,374,0]}],"ix":2,"l":2},"a":{"a":0,"k":[0,0,0],"ix":1,"l":2},"s":{"a":1,"k":[{"i":{"x":[0.667,0.667,0.667],"y":[1,1,1]},"o":{"x":[0.333,0.333,0.333],"y":[0,0,0]},"t":0,"s":[100,100,100]},{"i":{"x":[0.656,0.656,0.656],"y":[1.377,1.377,0.712]},"o":{"x":[0.297,0.297,0.297],"y":[0,0,0]},"t":48,"s":[61,61,100]},{"i":{"x":[0.667,0.667,0.667],"y":[1,1,1]},"o":{"x":[0.422,0.422,0.422],"y":[0.128,0.128,0.304]},"t":105,"s":[42.525,42.525,100]},{"t":154.000006272549,"s":[100,100,100]}],"ix":6,"l":2}},"ao":0,"ip":0,"op":1800.0000733155,"st":0,"bm":0},{"ddd":0,"ind":5,"ty":4,"nm":"Shape Layer 3","sr":1,"ks":{"o":{"a":0,"k":100,"ix":11},"r":{"a":0,"k":0,"ix":10},"p":{"a":0,"k":[540,540,0],"ix":2,"l":2},"a":{"a":0,"k":[0,0,0],"ix":1,"l":2},"s":{"a":0,"k":[100,100,100],"ix":6,"l":2}},"ao":0,"ef":[{"ty":5,"nm":"Shape Layer 3: Path 1 [1.1.0]","np":3,"mn":"ADBE Layer Control","ix":1,"en":1,"ef":[{"ty":10,"nm":"Layer","mn":"ADBE Layer Control-0001","ix":1,"v":{"a":0,"k":1,"ix":1}}]},{"ty":5,"nm":"Shape Layer 3: Path 1 [1.1.1]","np":3,"mn":"ADBE Layer Control","ix":2,"en":1,"ef":[{"ty":10,"nm":"Layer","mn":"ADBE Layer Control-0001","ix":1,"v":{"a":0,"k":2,"ix":1}}]},{"ty":5,"nm":"Shape Layer 3: Path 1 [1.1.2]","np":3,"mn":"ADBE Layer Control","ix":3,"en":1,"ef":[{"ty":10,"nm":"Layer","mn":"ADBE Layer Control-0001","ix":1,"v":{"a":0,"k":3,"ix":1}}]},{"ty":5,"nm":"Shape Layer 3: Path 1 [1.1.3]","np":3,"mn":"ADBE Layer Control","ix":4,"en":1,"ef":[{"ty":10,"nm":"Layer","mn":"ADBE Layer Control-0001","ix":1,"v":{"a":0,"k":4,"ix":1}}]}],"shapes":[{"ty":"gr","it":[{"ind":0,"ty":"sh","ix":1,"ks":{"a":0,"k":{"i":[[0,0],[0,0],[0,0],[0,0]],"o":[[0,0],[0,0],[0,0],[0,0]],"v":[[59.5,-33.5],[213,29],[210,-139.5],[75.5,-166]],"c":false},"ix":2,"x":"var $bm_rt;\nvar nullLayerNames = [\n    'Shape Layer 3: Path 1 [1.1.0]',\n    'Shape Layer 3: Path 1 [1.1.1]',\n    'Shape Layer 3: Path 1 [1.1.2]',\n    'Shape Layer 3: Path 1 [1.1.3]'\n];\nvar origPath = thisProperty;\nvar origPoints = origPath.points();\nvar origInTang = origPath.inTangents();\nvar origOutTang = origPath.outTangents();\nvar getNullLayers = [];\nfor (var i = 0, il = nullLayerNames.length; i < il; i++) {\n    try {\n        getNullLayers.push(effect(nullLayerNames[i])('ADBE Layer Control-0001'));\n    } catch (err) {\n        getNullLayers.push(null);\n    }\n}\nfor (var i = 0, il = getNullLayers.length; i < il; i++) {\n    if (getNullLayers[i] != null && getNullLayers[i].index != thisLayer.index) {\n        origPoints[i] = fromCompToSurface(getNullLayers[i].toComp(getNullLayers[i].anchorPoint));\n    }\n}\n$bm_rt = createPath(origPoints, origInTang, origOutTang, origPath.isClosed());"},"nm":"Path 1","mn":"ADBE Vector Shape - Group","hd":false},{"ty":"st","c":{"a":0,"k":[1,1,1,1],"ix":3},"o":{"a":0,"k":100,"ix":4},"w":{"a":0,"k":6,"ix":5},"lc":1,"lj":1,"ml":4,"bm":0,"nm":"Stroke 1","mn":"ADBE Vector Graphic - Stroke","hd":false},{"ty":"tr","p":{"a":0,"k":[-7.325,-1.936],"ix":2},"a":{"a":0,"k":[0,0],"ix":1},"s":{"a":0,"k":[105.902,98.326],"ix":3},"r":{"a":0,"k":0,"ix":6},"o":{"a":0,"k":100,"ix":7},"sk":{"a":0,"k":0,"ix":4},"sa":{"a":0,"k":0,"ix":5},"nm":"Transform"}],"nm":"Shape 1","np":3,"cix":2,"bm":0,"ix":1,"mn":"ADBE Vector Group","hd":false}],"ip":0,"op":1800.0000733155,"st":0,"bm":0},{"ddd":0,"ind":6,"ty":3,"nm":"Shape Layer 2: Path 1 [1.1.0]","cl":"1 0","sr":1,"ks":{"o":{"a":0,"k":0,"ix":11},"r":{"a":0,"k":0,"ix":10},"p":{"a":1,"k":[{"i":{"x":0.667,"y":1},"o":{"x":0.333,"y":0},"t":0,"s":[377,369,0],"to":[0,0,0],"ti":[0,0,0]},{"i":{"x":0.656,"y":0.814},"o":{"x":0.297,"y":0},"t":48,"s":[323,389,0],"to":[0,0,0],"ti":[0,0,0]},{"i":{"x":0.667,"y":1},"o":{"x":0.422,"y":0.13},"t":96,"s":[298.345,428.576,0],"to":[0,0,0],"ti":[0,0,0]},{"t":154.000006272549,"s":[377,369,0]}],"ix":2,"l":2},"a":{"a":0,"k":[0,0,0],"ix":1,"l":2},"s":{"a":1,"k":[{"i":{"x":[0.667,0.667,0.667],"y":[1,1,1]},"o":{"x":[0.333,0.333,0.333],"y":[0,0,0]},"t":0,"s":[100,100,100]},{"i":{"x":[0.656,0.656,0.656],"y":[1.058,1.058,1.132]},"o":{"x":[0.297,0.297,0.297],"y":[0,0,0]},"t":48,"s":[115,115,100]},{"i":{"x":[0.667,0.667,0.667],"y":[1,1,1]},"o":{"x":[0.422,0.422,0.422],"y":[0.062,0.062,-0.196]},"t":96,"s":[154.183,154.183,100]},{"t":154.000006272549,"s":[100,100,100]}],"ix":6,"l":2}},"ao":0,"ip":0,"op":1800.0000733155,"st":0,"bm":0},{"ddd":0,"ind":7,"ty":3,"nm":"Shape Layer 2: Path 1 [1.1.1]","cl":"1 1","parent":15,"sr":1,"ks":{"o":{"a":0,"k":0,"ix":11},"r":{"a":0,"k":0,"ix":10},"p":{"a":0,"k":[1.5,0.5,0],"ix":2,"l":2},"a":{"a":0,"k":[0,0,0],"ix":1,"l":2},"s":{"a":0,"k":[100,100,100],"ix":6,"l":2}},"ao":0,"ip":0,"op":1800.0000733155,"st":0,"bm":0},{"ddd":0,"ind":8,"ty":3,"nm":"Shape Layer 2: Path 1 [1.1.2]","cl":"1 2","sr":1,"ks":{"o":{"a":0,"k":0,"ix":11},"r":{"a":0,"k":0,"ix":10},"p":{"a":1,"k":[{"i":{"x":0.667,"y":0.667},"o":{"x":0.333,"y":0.333},"t":-2,"s":[540,312,0],"to":[0,0,0],"ti":[0,0,0]},{"i":{"x":0.667,"y":1},"o":{"x":0.333,"y":0},"t":0,"s":[540,312,0],"to":[0,0,0],"ti":[0,0,0]},{"i":{"x":0.657,"y":0.85},"o":{"x":0.297,"y":0},"t":57,"s":[512,310,0],"to":[0,0,0],"ti":[0,0,0]},{"i":{"x":0.667,"y":1},"o":{"x":0.423,"y":0.115},"t":107,"s":[507.509,280.679,0],"to":[0,0,0],"ti":[0,0,0]},{"t":154.000006272549,"s":[540,312,0]}],"ix":2,"l":2},"a":{"a":0,"k":[0,0,0],"ix":1,"l":2},"s":{"a":1,"k":[{"i":{"x":[0.667,0.667,0.667],"y":[1,1,1]},"o":{"x":[0.333,0.333,0.333],"y":[0,0,0]},"t":-2,"s":[100,100,100]},{"i":{"x":[0.667,0.667,0.667],"y":[1,1,1]},"o":{"x":[0.333,0.333,0.333],"y":[0,0,0]},"t":0,"s":[100,100,100]},{"i":{"x":[0.657,0.657,0.657],"y":[0.906,0.906,0.885]},"o":{"x":[0.297,0.297,0.297],"y":[0,0,0]},"t":57,"s":[137,137,100]},{"i":{"x":[0.667,0.667,0.667],"y":[1,1,1]},"o":{"x":[0.423,0.423,0.423],"y":[-0.267,-0.267,0.134]},"t":107,"s":[74.437,74.437,100]},{"t":154.000006272549,"s":[100,100,100]}],"ix":6,"l":2}},"ao":0,"ip":-2.00000008146167,"op":1798.00007323404,"st":-2.00000008146167,"bm":0},{"ddd":0,"ind":9,"ty":3,"nm":"Shape Layer 2: Path 1 [1.1.3]","cl":"1 3","parent":4,"sr":1,"ks":{"o":{"a":0,"k":0,"ix":11},"r":{"a":0,"k":0,"ix":10},"p":{"a":0,"k":[0,0,0],"ix":2,"l":2},"a":{"a":0,"k":[0,0,0],"ix":1,"l":2},"s":{"a":0,"k":[100,100,100],"ix":6,"l":2}},"ao":0,"ip":0,"op":1800.0000733155,"st":0,"bm":0},{"ddd":0,"ind":10,"ty":3,"nm":"Shape Layer 2: Path 1 [1.1.4]","cl":"1 4","parent":16,"sr":1,"ks":{"o":{"a":0,"k":0,"ix":11},"r":{"a":0,"k":0,"ix":10},"p":{"a":0,"k":[-1.5,-1,0],"ix":2,"l":2},"a":{"a":0,"k":[0,0,0],"ix":1,"l":2},"s":{"a":0,"k":[100,100,100],"ix":6,"l":2}},"ao":0,"ip":0,"op":1800.0000733155,"st":0,"bm":0},{"ddd":0,"ind":11,"ty":3,"nm":"Shape Layer 2: Path 1 [1.1.5]","cl":"1 5","parent":3,"sr":1,"ks":{"o":{"a":0,"k":0,"ix":11},"r":{"a":0,"k":0,"ix":10},"p":{"a":0,"k":[0,8,0],"ix":2,"l":2},"a":{"a":0,"k":[0,0,0],"ix":1,"l":2},"s":{"a":0,"k":[100,100,100],"ix":6,"l":2}},"ao":0,"ip":0,"op":1800.0000733155,"st":0,"bm":0},{"ddd":0,"ind":12,"ty":4,"nm":"Shape Layer 2","sr":1,"ks":{"o":{"a":0,"k":100,"ix":11},"r":{"a":0,"k":0,"ix":10},"p":{"a":0,"k":[563,524,0],"ix":2,"l":2},"a":{"a":0,"k":[0,0,0],"ix":1,"l":2},"s":{"a":0,"k":[100,100,100],"ix":6,"l":2}},"ao":0,"ef":[{"ty":5,"nm":"Shape Layer 2: Path 1 [1.1.0]","np":3,"mn":"ADBE Layer Control","ix":1,"en":1,"ef":[{"ty":10,"nm":"Layer","mn":"ADBE Layer Control-0001","ix":1,"v":{"a":0,"k":6,"ix":1}}]},{"ty":5,"nm":"Shape Layer 2: Path 1 [1.1.1]","np":3,"mn":"ADBE Layer Control","ix":2,"en":1,"ef":[{"ty":10,"nm":"Layer","mn":"ADBE Layer Control-0001","ix":1,"v":{"a":0,"k":7,"ix":1}}]},{"ty":5,"nm":"Shape Layer 2: Path 1 [1.1.2]","np":3,"mn":"ADBE Layer Control","ix":3,"en":1,"ef":[{"ty":10,"nm":"Layer","mn":"ADBE Layer Control-0001","ix":1,"v":{"a":0,"k":8,"ix":1}}]},{"ty":5,"nm":"Shape Layer 2: Path 1 [1.1.3]","np":3,"mn":"ADBE Layer Control","ix":4,"en":1,"ef":[{"ty":10,"nm":"Layer","mn":"ADBE Layer Control-0001","ix":1,"v":{"a":0,"k":9,"ix":1}}]},{"ty":5,"nm":"Shape Layer 2: Path 1 [1.1.4]","np":3,"mn":"ADBE Layer Control","ix":5,"en":1,"ef":[{"ty":10,"nm":"Layer","mn":"ADBE Layer Control-0001","ix":1,"v":{"a":0,"k":10,"ix":1}}]},{"ty":5,"nm":"Shape Layer 2: Path 1 [1.1.5]","np":3,"mn":"ADBE Layer Control","ix":6,"en":1,"ef":[{"ty":10,"nm":"Layer","mn":"ADBE Layer Control-0001","ix":1,"v":{"a":0,"k":11,"ix":1}}]}],"shapes":[{"ty":"gr","it":[{"ind":0,"ty":"sh","ix":1,"ks":{"a":0,"k":{"i":[[0,0],[0,0],[0,0],[0,0],[0,0],[0,0]],"o":[[0,0],[0,0],[0,0],[0,0],[0,0],[0,0]],"v":[[-167,-151],[-24,-115],[34,-236],[102,-152],[75,-15],[205,-129]],"c":false},"ix":2,"x":"var $bm_rt;\nvar nullLayerNames = [\n    'Shape Layer 2: Path 1 [1.1.0]',\n    'Shape Layer 2: Path 1 [1.1.1]',\n    'Shape Layer 2: Path 1 [1.1.2]',\n    'Shape Layer 2: Path 1 [1.1.3]',\n    'Shape Layer 2: Path 1 [1.1.4]',\n    'Shape Layer 2: Path 1 [1.1.5]'\n];\nvar origPath = thisProperty;\nvar origPoints = origPath.points();\nvar origInTang = origPath.inTangents();\nvar origOutTang = origPath.outTangents();\nvar getNullLayers = [];\nfor (var i = 0, il = nullLayerNames.length; i < il; i++) {\n    try {\n        getNullLayers.push(effect(nullLayerNames[i])('ADBE Layer Control-0001'));\n    } catch (err) {\n        getNullLayers.push(null);\n    }\n}\nfor (var i = 0, il = getNullLayers.length; i < il; i++) {\n    if (getNullLayers[i] != null && getNullLayers[i].index != thisLayer.index) {\n        origPoints[i] = fromCompToSurface(getNullLayers[i].toComp(getNullLayers[i].anchorPoint));\n    }\n}\n$bm_rt = createPath(origPoints, origInTang, origOutTang, origPath.isClosed());"},"nm":"Path 1","mn":"ADBE Vector Shape - Group","hd":false},{"ty":"st","c":{"a":0,"k":[1,1,1,1],"ix":3},"o":{"a":0,"k":100,"ix":4},"w":{"a":0,"k":6,"ix":5},"lc":1,"lj":1,"ml":4,"bm":0,"nm":"Stroke 1","mn":"ADBE Vector Graphic - Stroke","hd":false},{"ty":"tr","p":{"a":0,"k":[0,0],"ix":2},"a":{"a":0,"k":[0,0],"ix":1},"s":{"a":0,"k":[100,100],"ix":3},"r":{"a":0,"k":0,"ix":6},"o":{"a":0,"k":100,"ix":7},"sk":{"a":0,"k":0,"ix":4},"sa":{"a":0,"k":0,"ix":5},"nm":"Transform"}],"nm":"Shape 1","np":3,"cix":2,"bm":0,"ix":1,"mn":"ADBE Vector Group","hd":false}],"ip":0,"op":1800.0000733155,"st":0,"bm":0},{"ddd":0,"ind":13,"ty":3,"nm":"Shape Layer 1: Path 1 [1.1.0]","cl":"1 0","sr":1,"ks":{"o":{"a":0,"k":0,"ix":11},"r":{"a":0,"k":0,"ix":10},"p":{"a":1,"k":[{"i":{"x":0.667,"y":1},"o":{"x":0.333,"y":0},"t":0,"s":[280.5,537.5,0],"to":[0,0,0],"ti":[0,0,0]},{"i":{"x":0.656,"y":0.828},"o":{"x":0.297,"y":0},"t":34,"s":[268.5,585.5,0],"to":[0,0,0],"ti":[0,0,0]},{"i":{"x":0.667,"y":1},"o":{"x":0.422,"y":0.09},"t":119,"s":[344.355,574.081,0],"to":[0,0,0],"ti":[0,0,0]},{"t":154.000006272549,"s":[280.5,537.5,0]}],"ix":2,"l":2},"a":{"a":0,"k":[0,0,0],"ix":1,"l":2},"s":{"a":1,"k":[{"i":{"x":[0.667,0.667,0.667],"y":[1,1,1]},"o":{"x":[0.333,0.333,0.333],"y":[0,0,0]},"t":0,"s":[100,100,100]},{"i":{"x":[0.656,0.656,0.656],"y":[0.869,0.869,1.523]},"o":{"x":[0.297,0.297,0.297],"y":[0,0,0]},"t":34,"s":[52,52,100]},{"i":{"x":[0.667,0.667,0.667],"y":[1,1,1]},"o":{"x":[0.422,0.422,0.422],"y":[-0.131,-0.131,-0.264]},"t":119,"s":[149.415,149.415,100]},{"t":154.000006272549,"s":[100,100,100]}],"ix":6,"l":2}},"ao":0,"ip":-5.00000020365417,"op":1795.00007311185,"st":-5.00000020365417,"bm":0},{"ddd":0,"ind":14,"ty":3,"nm":"Shape Layer 1: Path 1 [1.1.1]","cl":"1 1","sr":1,"ks":{"o":{"a":0,"k":0,"ix":11},"r":{"a":0,"k":0,"ix":10},"p":{"a":1,"k":[{"i":{"x":0.667,"y":1},"o":{"x":0.333,"y":0},"t":0,"s":[406,523,0],"to":[0,0,0],"ti":[0,0,0]},{"i":{"x":0.674,"y":0.672},"o":{"x":0.297,"y":0},"t":64,"s":[442,567,0],"to":[0,0,0],"ti":[0,0,0]},{"i":{"x":0.667,"y":1},"o":{"x":0.43,"y":0.655},"t":94,"s":[447.222,534.95,0],"to":[0,0,0],"ti":[0,0,0]},{"t":154.000006272549,"s":[406,523,0]}],"ix":2,"l":2},"a":{"a":0,"k":[0,0,0],"ix":1,"l":2},"s":{"a":1,"k":[{"i":{"x":[0.667,0.667,0.667],"y":[1,1,1]},"o":{"x":[0.333,0.333,0.333],"y":[0,0,0]},"t":0,"s":[100,100,100]},{"i":{"x":[0.656,0.656,0.656],"y":[0.877,0.877,0.541]},"o":{"x":[0.297,0.297,0.297],"y":[0,0,0]},"t":64,"s":[39,39,100]},{"i":{"x":[0.667,0.667,0.667],"y":[1,1,1]},"o":{"x":[0.422,0.422,0.422],"y":[0.977,0.977,1.126]},"t":94,"s":[85.59,85.59,100]},{"t":154.000006272549,"s":[100,100,100]}],"ix":6,"l":2}},"ao":0,"ip":0,"op":1800.0000733155,"st":0,"bm":0},{"ddd":0,"ind":15,"ty":3,"nm":"Shape Layer 1: Path 1 [1.1.2]","cl":"1 2","sr":1,"ks":{"o":{"a":0,"k":0,"ix":11},"r":{"a":0,"k":0,"ix":10},"p":{"a":1,"k":[{"i":{"x":0.667,"y":1},"o":{"x":0.333,"y":0},"t":0,"s":[494.5,422.5,0],"to":[0,0,0],"ti":[0,0,0]},{"i":{"x":0.667,"y":1},"o":{"x":0.333,"y":0},"t":72,"s":[444.5,402.5,0],"to":[0,0,0],"ti":[0,0,0]},{"t":154.000006272549,"s":[494.5,422.5,0]}],"ix":2,"l":2},"a":{"a":0,"k":[0,0,0],"ix":1,"l":2},"s":{"a":1,"k":[{"i":{"x":[0.667,0.667,0.667],"y":[1,1,1]},"o":{"x":[0.333,0.333,0.333],"y":[0,0,0]},"t":0,"s":[100,100,100]},{"i":{"x":[0.667,0.667,0.667],"y":[1,1,1]},"o":{"x":[0.333,0.333,0.333],"y":[0,0,0]},"t":72,"s":[234,234,100]},{"t":154.000006272549,"s":[100,100,100]}],"ix":6,"l":2}},"ao":0,"ip":-5.00000020365417,"op":1795.00007311185,"st":-5.00000020365417,"bm":0},{"ddd":0,"ind":16,"ty":3,"nm":"Shape Layer 1: Path 1 [1.1.3]","cl":"1 3","sr":1,"ks":{"o":{"a":0,"k":0,"ix":11},"r":{"a":0,"k":0,"ix":10},"p":{"a":1,"k":[{"i":{"x":0.667,"y":1},"o":{"x":0.333,"y":0},"t":0,"s":[601.5,509,0],"to":[0,0,0],"ti":[0,0,0]},{"i":{"x":0.656,"y":0.913},"o":{"x":0.297,"y":0},"t":48,"s":[597.5,445,0],"to":[0,0,0],"ti":[0,0,0]},{"i":{"x":0.667,"y":1},"o":{"x":0.422,"y":0.598},"t":83,"s":[628.785,519.557,0],"to":[0,0,0],"ti":[0,0,0]},{"t":154.000006272549,"s":[601.5,509,0]}],"ix":2,"l":2},"a":{"a":0,"k":[0,0,0],"ix":1,"l":2},"s":{"a":1,"k":[{"i":{"x":[0.667,0.667,0.667],"y":[1,1,1]},"o":{"x":[0.333,0.333,0.333],"y":[0,0,0]},"t":0,"s":[100,100,100]},{"i":{"x":[0.656,0.656,0.656],"y":[0.969,0.969,0.603]},"o":{"x":[0.297,0.297,0.297],"y":[0,0,0]},"t":48,"s":[80,80,100]},{"i":{"x":[0.667,0.667,0.667],"y":[1,1,1]},"o":{"x":[0.422,0.422,0.422],"y":[-0.108,-0.108,0.987]},"t":83,"s":[150.423,150.423,100]},{"t":154.000006272549,"s":[100,100,100]}],"ix":6,"l":2}},"ao":0,"ip":0,"op":1800.0000733155,"st":0,"bm":0},{"ddd":0,"ind":17,"ty":3,"nm":"Shape Layer 1: Path 1 [1.1.4]","cl":"1 4","sr":1,"ks":{"o":{"a":0,"k":0,"ix":11},"r":{"a":0,"k":0,"ix":10},"p":{"a":1,"k":[{"i":{"x":0.667,"y":1},"o":{"x":0.333,"y":0},"t":0,"s":[559,608,0],"to":[0,0,0],"ti":[0,0,0]},{"i":{"x":0.656,"y":0.901},"o":{"x":0.297,"y":0},"t":81,"s":[521,582,0],"to":[0,0,0],"ti":[0,0,0]},{"i":{"x":0.667,"y":1},"o":{"x":0.422,"y":0.1},"t":114,"s":[489.206,618.351,0],"to":[0,0,0],"ti":[0,0,0]},{"t":154.000006272549,"s":[559,608,0]}],"ix":2,"l":2},"a":{"a":0,"k":[0,0,0],"ix":1,"l":2},"s":{"a":1,"k":[{"i":{"x":[0.667,0.667,0.667],"y":[1,1,1]},"o":{"x":[0.333,0.333,0.333],"y":[0,0,0]},"t":0,"s":[100,100,100]},{"i":{"x":[0.656,0.656,0.656],"y":[-0.058,-0.058,0.966]},"o":{"x":[0.297,0.297,0.297],"y":[0,0,0]},"t":81,"s":[134,134,100]},{"i":{"x":[0.667,0.667,0.667],"y":[1,1,1]},"o":{"x":[0.422,0.422,0.422],"y":[2.289,2.289,0.05]},"t":114,"s":[113.843,113.843,100]},{"t":154.000006272549,"s":[100,100,100]}],"ix":6,"l":2}},"ao":0,"ip":0,"op":1800.0000733155,"st":0,"bm":0},{"ddd":0,"ind":18,"ty":3,"nm":"Shape Layer 1: Path 1 [1.1.5]","cl":"1 5","sr":1,"ks":{"o":{"a":0,"k":0,"ix":11},"r":{"a":0,"k":0,"ix":10},"p":{"a":1,"k":[{"i":{"x":0.667,"y":1},"o":{"x":0.333,"y":0},"t":0,"s":[661.5,654.5,0],"to":[0,0,0],"ti":[0,0,0]},{"i":{"x":0.656,"y":0.809},"o":{"x":0.297,"y":0},"t":69,"s":[709.5,656.5,0],"to":[0,0,0],"ti":[0,0,0]},{"i":{"x":0.667,"y":1},"o":{"x":0.422,"y":0.064},"t":125,"s":[736.081,691.858,0],"to":[0,0,0],"ti":[0,0,0]},{"t":154.000006272549,"s":[661.5,654.5,0]}],"ix":2,"l":2},"a":{"a":0,"k":[0,0,0],"ix":1,"l":2},"s":{"a":1,"k":[{"i":{"x":[0.667,0.667,0.667],"y":[1,1,1]},"o":{"x":[0.333,0.333,0.333],"y":[0,0,0]},"t":0,"s":[100,100,100]},{"i":{"x":[0.656,0.656,0.656],"y":[0.261,0.261,0.872]},"o":{"x":[0.297,0.297,0.297],"y":[0,0,0]},"t":69,"s":[136,136,100]},{"i":{"x":[0.667,0.667,0.667],"y":[1,1,1]},"o":{"x":[0.422,0.422,0.422],"y":[0.146,0.146,0.081]},"t":125,"s":[127.439,127.439,100]},{"t":154.000006272549,"s":[100,100,100]}],"ix":6,"l":2}},"ao":0,"ip":0,"op":1800.0000733155,"st":0,"bm":0},{"ddd":0,"ind":19,"ty":3,"nm":"Shape Layer 1: Path 1 [1.1.6]","cl":"1 6","sr":1,"ks":{"o":{"a":0,"k":0,"ix":11},"r":{"a":0,"k":0,"ix":10},"p":{"a":0,"k":[768,567,0],"ix":2,"l":2},"a":{"a":0,"k":[0,0,0],"ix":1,"l":2},"s":{"a":0,"k":[100,100,100],"ix":6,"l":2}},"ao":0,"ip":0,"op":1800.0000733155,"st":0,"bm":0},{"ddd":0,"ind":20,"ty":3,"nm":"Shape Layer 1: Path 1 [1.1.7]","cl":"1 7","sr":1,"ks":{"o":{"a":0,"k":0,"ix":11},"r":{"a":0,"k":0,"ix":10},"p":{"a":1,"k":[{"i":{"x":0.667,"y":1},"o":{"x":0.333,"y":0},"t":0,"s":[844.5,499.5,0],"to":[0,0,0],"ti":[0,0,0]},{"i":{"x":0.687,"y":0.034},"o":{"x":0.297,"y":0},"t":35,"s":[864.5,541.5,0],"to":[0,0,0],"ti":[0,0,0]},{"i":{"x":0.654,"y":1},"o":{"x":0.157,"y":1},"t":100,"s":[850.535,511.421,0],"to":[0,0,0],"ti":[0,0,0]},{"t":154.000006272549,"s":[844.5,499.5,0]}],"ix":2,"l":2},"a":{"a":0,"k":[0,0,0],"ix":1,"l":2},"s":{"a":1,"k":[{"i":{"x":[0.667,0.667,0.667],"y":[1,1,1]},"o":{"x":[0.333,0.333,0.333],"y":[0,0,0]},"t":0,"s":[100,100,100]},{"i":{"x":[0.656,0.656,0.656],"y":[1.491,1.491,0.882]},"o":{"x":[0.297,0.297,0.297],"y":[0,0,0]},"t":35,"s":[172,172,100]},{"i":{"x":[0.667,0.667,0.667],"y":[1,1,1]},"o":{"x":[0.422,0.422,0.422],"y":[0.147,0.147,0.12]},"t":100,"s":[201.877,201.877,100]},{"t":154.000006272549,"s":[100,100,100]}],"ix":6,"l":2}},"ao":0,"ip":0,"op":1800.0000733155,"st":0,"bm":0},{"ddd":0,"ind":21,"ty":4,"nm":"Shape Layer 1","sr":1,"ks":{"o":{"a":0,"k":100,"ix":11},"r":{"a":0,"k":0,"ix":10},"p":{"a":0,"k":[550,542,0],"ix":2,"l":2},"a":{"a":0,"k":[0,0,0],"ix":1,"l":2},"s":{"a":0,"k":[100,100,100],"ix":6,"l":2}},"ao":0,"ef":[{"ty":5,"nm":"Shape Layer 1: Path 1 [1.1.0]","np":3,"mn":"ADBE Layer Control","ix":1,"en":1,"ef":[{"ty":10,"nm":"Layer","mn":"ADBE Layer Control-0001","ix":1,"v":{"a":0,"k":13,"ix":1}}]},{"ty":5,"nm":"Shape Layer 1: Path 1 [1.1.1]","np":3,"mn":"ADBE Layer Control","ix":2,"en":1,"ef":[{"ty":10,"nm":"Layer","mn":"ADBE Layer Control-0001","ix":1,"v":{"a":0,"k":14,"ix":1}}]},{"ty":5,"nm":"Shape Layer 1: Path 1 [1.1.2]","np":3,"mn":"ADBE Layer Control","ix":3,"en":1,"ef":[{"ty":10,"nm":"Layer","mn":"ADBE Layer Control-0001","ix":1,"v":{"a":0,"k":15,"ix":1}}]},{"ty":5,"nm":"Shape Layer 1: Path 1 [1.1.3]","np":3,"mn":"ADBE Layer Control","ix":4,"en":1,"ef":[{"ty":10,"nm":"Layer","mn":"ADBE Layer Control-0001","ix":1,"v":{"a":0,"k":16,"ix":1}}]},{"ty":5,"nm":"Shape Layer 1: Path 1 [1.1.4]","np":3,"mn":"ADBE Layer Control","ix":5,"en":1,"ef":[{"ty":10,"nm":"Layer","mn":"ADBE Layer Control-0001","ix":1,"v":{"a":0,"k":17,"ix":1}}]},{"ty":5,"nm":"Shape Layer 1: Path 1 [1.1.5]","np":3,"mn":"ADBE Layer Control","ix":6,"en":1,"ef":[{"ty":10,"nm":"Layer","mn":"ADBE Layer Control-0001","ix":1,"v":{"a":0,"k":18,"ix":1}}]},{"ty":5,"nm":"Shape Layer 1: Path 1 [1.1.6]","np":3,"mn":"ADBE Layer Control","ix":7,"en":1,"ef":[{"ty":10,"nm":"Layer","mn":"ADBE Layer Control-0001","ix":1,"v":{"a":0,"k":19,"ix":1}}]},{"ty":5,"nm":"Shape Layer 1: Path 1 [1.1.7]","np":3,"mn":"ADBE Layer Control","ix":8,"en":1,"ef":[{"ty":10,"nm":"Layer","mn":"ADBE Layer Control-0001","ix":1,"v":{"a":0,"k":20,"ix":1}}]}],"shapes":[{"ty":"gr","it":[{"ind":0,"ty":"sh","ix":1,"ks":{"a":0,"k":{"i":[[0,0],[0,0],[0,0],[0,0],[0,0],[0,0],[0,0],[0,0]],"o":[[0,0],[0,0],[0,0],[0,0],[0,0],[0,0],[0,0],[0,0]],"v":[[-219.5,-69.5],[-138,16],[-25.5,-115.5],[76.5,-14],[8,64],[117.5,131.5],[223,96],[297.5,-37.5]],"c":false},"ix":2,"x":"var $bm_rt;\nvar nullLayerNames = [\n    'Shape Layer 1: Path 1 [1.1.0]',\n    'Shape Layer 1: Path 1 [1.1.1]',\n    'Shape Layer 1: Path 1 [1.1.2]',\n    'Shape Layer 1: Path 1 [1.1.3]',\n    'Shape Layer 1: Path 1 [1.1.4]',\n    'Shape Layer 1: Path 1 [1.1.5]',\n    'Shape Layer 1: Path 1 [1.1.6]',\n    'Shape Layer 1: Path 1 [1.1.7]'\n];\nvar origPath = thisProperty;\nvar origPoints = origPath.points();\nvar origInTang = origPath.inTangents();\nvar origOutTang = origPath.outTangents();\nvar getNullLayers = [];\nfor (var i = 0, il = nullLayerNames.length; i < il; i++) {\n    try {\n        getNullLayers.push(effect(nullLayerNames[i])('ADBE Layer Control-0001'));\n    } catch (err) {\n        getNullLayers.push(null);\n    }\n}\nfor (var i = 0, il = getNullLayers.length; i < il; i++) {\n    if (getNullLayers[i] != null && getNullLayers[i].index != thisLayer.index) {\n        origPoints[i] = fromCompToSurface(getNullLayers[i].toComp(getNullLayers[i].anchorPoint));\n    }\n}\n$bm_rt = createPath(origPoints, origInTang, origOutTang, origPath.isClosed());"},"nm":"Path 1","mn":"ADBE Vector Shape - Group","hd":false},{"ty":"st","c":{"a":0,"k":[1,1,1,1],"ix":3},"o":{"a":0,"k":100,"ix":4},"w":{"a":0,"k":6,"ix":5},"lc":1,"lj":1,"ml":4,"bm":0,"nm":"Stroke 1","mn":"ADBE Vector Graphic - Stroke","hd":false},{"ty":"tr","p":{"a":0,"k":[0,0],"ix":2},"a":{"a":0,"k":[0,0],"ix":1},"s":{"a":0,"k":[100,100],"ix":3},"r":{"a":0,"k":0,"ix":6},"o":{"a":0,"k":100,"ix":7},"sk":{"a":0,"k":0,"ix":4},"sa":{"a":0,"k":0,"ix":5},"nm":"Transform"}],"nm":"Shape 1","np":3,"cix":2,"bm":0,"ix":1,"mn":"ADBE Vector Group","hd":false}],"ip":0,"op":1800.0000733155,"st":0,"bm":0},{"ddd":0,"ind":22,"ty":4,"nm":"kulicka9 Outlines","parent":20,"sr":1,"ks":{"o":{"a":0,"k":100,"ix":11},"r":{"a":0,"k":0,"ix":10},"p":{"a":0,"k":[-0.874,-1.541,0],"ix":2,"l":2},"a":{"a":0,"k":[836.626,500.959,0],"ix":1,"l":2},"s":{"a":0,"k":[100,100,100],"ix":6,"l":2}},"ao":0,"shapes":[{"ty":"gr","it":[{"ind":0,"ty":"sh","ix":1,"ks":{"a":0,"k":{"i":[[0,-6.456],[6.456,0],[0,6.456],[-6.456,0]],"o":[[0,6.456],[-6.456,0],[0,-6.456],[6.456,0]],"v":[[11.69,0],[0,11.69],[-11.69,0],[0,-11.69]],"c":true},"ix":2},"nm":"Path 1","mn":"ADBE Vector Shape - Group","hd":false},{"ty":"fl","c":{"a":0,"k":[1,1,1,1],"ix":4},"o":{"a":0,"k":100,"ix":5},"r":1,"bm":0,"nm":"Fill 1","mn":"ADBE Vector Graphic - Fill","hd":false},{"ty":"tr","p":{"a":0,"k":[836.626,500.959],"ix":2},"a":{"a":0,"k":[0,0],"ix":1},"s":{"a":0,"k":[100,100],"ix":3},"r":{"a":0,"k":0,"ix":6},"o":{"a":0,"k":100,"ix":7},"sk":{"a":0,"k":0,"ix":4},"sa":{"a":0,"k":0,"ix":5},"nm":"Transform"}],"nm":"Group 1","np":2,"cix":2,"bm":0,"ix":1,"mn":"ADBE Vector Group","hd":false}],"ip":0,"op":1800.0000733155,"st":0,"bm":0},{"ddd":0,"ind":23,"ty":4,"nm":"kulicka12 Outlines","parent":19,"sr":1,"ks":{"o":{"a":0,"k":100,"ix":11},"r":{"a":0,"k":0,"ix":10},"p":{"a":0,"k":[-6.096,-1.171,0],"ix":2,"l":2},"a":{"a":0,"k":[761.904,636.829,0],"ix":1,"l":2},"s":{"a":0,"k":[100,100,100],"ix":6,"l":2}},"ao":0,"shapes":[{"ty":"gr","it":[{"ind":0,"ty":"sh","ix":1,"ks":{"a":0,"k":{"i":[[0,-11.287],[11.286,0],[0,11.287],[-11.287,0]],"o":[[0,11.287],[-11.287,0],[0,-11.287],[11.286,0]],"v":[[20.436,0],[0,20.436],[-20.436,0],[0,-20.436]],"c":true},"ix":2},"nm":"Path 1","mn":"ADBE Vector Shape - Group","hd":false},{"ty":"fl","c":{"a":0,"k":[1,1,1,1],"ix":4},"o":{"a":0,"k":100,"ix":5},"r":1,"bm":0,"nm":"Fill 1","mn":"ADBE Vector Graphic - Fill","hd":false},{"ty":"tr","p":{"a":0,"k":[761.904,636.829],"ix":2},"a":{"a":0,"k":[0,0],"ix":1},"s":{"a":0,"k":[100,100],"ix":3},"r":{"a":0,"k":0,"ix":6},"o":{"a":0,"k":100,"ix":7},"sk":{"a":0,"k":0,"ix":4},"sa":{"a":0,"k":0,"ix":5},"nm":"Transform"}],"nm":"Group 1","np":2,"cix":2,"bm":0,"ix":1,"mn":"ADBE Vector Group","hd":false}],"ip":0,"op":1800.0000733155,"st":0,"bm":0},{"ddd":0,"ind":24,"ty":4,"nm":"kulicka11 Outlines","parent":4,"sr":1,"ks":{"o":{"a":0,"k":100,"ix":11},"r":{"a":0,"k":0,"ix":10},"p":{"a":0,"k":[-0.395,-2.447,0],"ix":2,"l":2},"a":{"a":0,"k":[641.605,385.553,0],"ix":1,"l":2},"s":{"a":0,"k":[100,100,100],"ix":6,"l":2}},"ao":0,"shapes":[{"ty":"gr","it":[{"ind":0,"ty":"sh","ix":1,"ks":{"a":0,"k":{"i":[[0,-16.046],[16.046,0],[0,16.046],[-16.046,0]],"o":[[0,16.046],[-16.046,0],[0,-16.046],[16.046,0]],"v":[[29.054,0],[0,29.054],[-29.054,0],[0,-29.054]],"c":true},"ix":2},"nm":"Path 1","mn":"ADBE Vector Shape - Group","hd":false},{"ty":"fl","c":{"a":0,"k":[1,1,1,1],"ix":4},"o":{"a":0,"k":100,"ix":5},"r":1,"bm":0,"nm":"Fill 1","mn":"ADBE Vector Graphic - Fill","hd":false},{"ty":"tr","p":{"a":0,"k":[641.605,385.553],"ix":2},"a":{"a":0,"k":[0,0],"ix":1},"s":{"a":0,"k":[100,100],"ix":3},"r":{"a":0,"k":0,"ix":6},"o":{"a":0,"k":100,"ix":7},"sk":{"a":0,"k":0,"ix":4},"sa":{"a":0,"k":0,"ix":5},"nm":"Transform"}],"nm":"Group 1","np":2,"cix":2,"bm":0,"ix":1,"mn":"ADBE Vector Group","hd":false}],"ip":0,"op":1800.0000733155,"st":0,"bm":0},{"ddd":0,"ind":25,"ty":4,"nm":"kulicka10 Outlines","parent":1,"sr":1,"ks":{"o":{"a":0,"k":100,"ix":11},"r":{"a":0,"k":0,"ix":10},"p":{"a":0,"k":[-1.325,0.879,0],"ix":2,"l":2},"a":{"a":0,"k":[614.675,526.879,0],"ix":1,"l":2},"s":{"a":0,"k":[100,100,100],"ix":6,"l":2}},"ao":0,"shapes":[{"ty":"gr","it":[{"ind":0,"ty":"sh","ix":1,"ks":{"a":0,"k":{"i":[[0,-11.287],[11.286,0],[0,11.287],[-11.287,0]],"o":[[0,11.287],[-11.287,0],[0,-11.287],[11.286,0]],"v":[[20.436,0],[0,20.436],[-20.436,0],[0,-20.436]],"c":true},"ix":2},"nm":"Path 1","mn":"ADBE Vector Shape - Group","hd":false},{"ty":"fl","c":{"a":0,"k":[1,1,1,1],"ix":4},"o":{"a":0,"k":100,"ix":5},"r":1,"bm":0,"nm":"Fill 1","mn":"ADBE Vector Graphic - Fill","hd":false},{"ty":"tr","p":{"a":0,"k":[614.675,526.879],"ix":2},"a":{"a":0,"k":[0,0],"ix":1},"s":{"a":0,"k":[100,100],"ix":3},"r":{"a":0,"k":0,"ix":6},"o":{"a":0,"k":100,"ix":7},"sk":{"a":0,"k":0,"ix":4},"sa":{"a":0,"k":0,"ix":5},"nm":"Transform"}],"nm":"Group 1","np":2,"cix":2,"bm":0,"ix":1,"mn":"ADBE Vector Group","hd":false}],"ip":0,"op":1800.0000733155,"st":0,"bm":0},{"ddd":0,"ind":26,"ty":4,"nm":"kulicka8 Outlines","parent":3,"sr":1,"ks":{"o":{"a":0,"k":100,"ix":11},"r":{"a":0,"k":0,"ix":10},"p":{"a":0,"k":[-1.805,4.528,0],"ix":2,"l":2},"a":{"a":0,"k":[743.195,407.528,0],"ix":1,"l":2},"s":{"a":0,"k":[100,100,100],"ix":6,"l":2}},"ao":0,"shapes":[{"ty":"gr","it":[{"ind":0,"ty":"sh","ix":1,"ks":{"a":0,"k":{"i":[[0,-11.287],[11.286,0],[0,11.287],[-11.287,0]],"o":[[0,11.287],[-11.287,0],[0,-11.287],[11.286,0]],"v":[[20.436,0],[0,20.436],[-20.436,0],[0,-20.436]],"c":true},"ix":2},"nm":"Path 1","mn":"ADBE Vector Shape - Group","hd":false},{"ty":"fl","c":{"a":0,"k":[1,1,1,1],"ix":4},"o":{"a":0,"k":100,"ix":5},"r":1,"bm":0,"nm":"Fill 1","mn":"ADBE Vector Graphic - Fill","hd":false},{"ty":"tr","p":{"a":0,"k":[743.195,407.528],"ix":2},"a":{"a":0,"k":[0,0],"ix":1},"s":{"a":0,"k":[100,100],"ix":3},"r":{"a":0,"k":0,"ix":6},"o":{"a":0,"k":100,"ix":7},"sk":{"a":0,"k":0,"ix":4},"sa":{"a":0,"k":0,"ix":5},"nm":"Transform"}],"nm":"Group 1","np":2,"cix":2,"bm":0,"ix":1,"mn":"ADBE Vector Group","hd":false}],"ip":0,"op":1800.0000733155,"st":0,"bm":0},{"ddd":0,"ind":27,"ty":4,"nm":"kulicka7 Outlines","parent":8,"sr":1,"ks":{"o":{"a":0,"k":100,"ix":11},"r":{"a":0,"k":0,"ix":10},"p":{"a":0,"k":[0.473,1.964,0],"ix":2,"l":2},"a":{"a":0,"k":[574.473,305.964,0],"ix":1,"l":2},"s":{"a":0,"k":[100,100,100],"ix":6,"l":2}},"ao":0,"shapes":[{"ty":"gr","it":[{"ind":0,"ty":"sh","ix":1,"ks":{"a":0,"k":{"i":[[0,-11.287],[11.286,0],[0,11.287],[-11.287,0]],"o":[[0,11.287],[-11.287,0],[0,-11.287],[11.286,0]],"v":[[20.436,0],[0,20.436],[-20.436,0],[0,-20.436]],"c":true},"ix":2},"nm":"Path 1","mn":"ADBE Vector Shape - Group","hd":false},{"ty":"fl","c":{"a":0,"k":[1,1,1,1],"ix":4},"o":{"a":0,"k":100,"ix":5},"r":1,"bm":0,"nm":"Fill 1","mn":"ADBE Vector Graphic - Fill","hd":false},{"ty":"tr","p":{"a":0,"k":[574.473,305.964],"ix":2},"a":{"a":0,"k":[0,0],"ix":1},"s":{"a":0,"k":[100,100],"ix":3},"r":{"a":0,"k":0,"ix":6},"o":{"a":0,"k":100,"ix":7},"sk":{"a":0,"k":0,"ix":4},"sa":{"a":0,"k":0,"ix":5},"nm":"Transform"}],"nm":"Group 1","np":2,"cix":2,"bm":0,"ix":1,"mn":"ADBE Vector Group","hd":false}],"ip":0,"op":1800.0000733155,"st":0,"bm":0},{"ddd":0,"ind":28,"ty":4,"nm":"kulicka6 Outlines","parent":6,"sr":1,"ks":{"o":{"a":0,"k":100,"ix":11},"r":{"a":0,"k":0,"ix":10},"p":{"a":0,"k":[2.153,1.398,0],"ix":2,"l":2},"a":{"a":0,"k":[375.153,390.398,0],"ix":1,"l":2},"s":{"a":0,"k":[100,100,100],"ix":6,"l":2}},"ao":0,"shapes":[{"ty":"gr","it":[{"ind":0,"ty":"sh","ix":1,"ks":{"a":0,"k":{"i":[[0,-11.287],[11.286,0],[0,11.287],[-11.287,0]],"o":[[0,11.287],[-11.287,0],[0,-11.287],[11.286,0]],"v":[[20.436,0],[0,20.436],[-20.436,0],[0,-20.436]],"c":true},"ix":2},"nm":"Path 1","mn":"ADBE Vector Shape - Group","hd":false},{"ty":"fl","c":{"a":0,"k":[1,1,1,1],"ix":4},"o":{"a":0,"k":100,"ix":5},"r":1,"bm":0,"nm":"Fill 1","mn":"ADBE Vector Graphic - Fill","hd":false},{"ty":"tr","p":{"a":0,"k":[375.153,390.398],"ix":2},"a":{"a":0,"k":[0,0],"ix":1},"s":{"a":0,"k":[100,100],"ix":3},"r":{"a":0,"k":0,"ix":6},"o":{"a":0,"k":100,"ix":7},"sk":{"a":0,"k":0,"ix":4},"sa":{"a":0,"k":0,"ix":5},"nm":"Transform"}],"nm":"Group 1","np":2,"cix":2,"bm":0,"ix":1,"mn":"ADBE Vector Group","hd":false}],"ip":0,"op":1800.0000733155,"st":0,"bm":0},{"ddd":0,"ind":29,"ty":4,"nm":"kulicka5 Outlines","parent":15,"sr":1,"ks":{"o":{"a":0,"k":100,"ix":11},"r":{"a":0,"k":0,"ix":10},"p":{"a":0,"k":[0.454,1.886,0],"ix":2,"l":2},"a":{"a":0,"k":[514.954,426.386,0],"ix":1,"l":2},"s":{"a":0,"k":[100,100,100],"ix":6,"l":2}},"ao":0,"shapes":[{"ty":"gr","it":[{"ind":0,"ty":"sh","ix":1,"ks":{"a":0,"k":{"i":[[0,-7.663],[7.662,0],[0,7.662],[-7.663,0]],"o":[[0,7.662],[-7.663,0],[0,-7.663],[7.662,0]],"v":[[13.874,0],[0,13.874],[-13.874,0],[0,-13.874]],"c":true},"ix":2},"nm":"Path 1","mn":"ADBE Vector Shape - Group","hd":false},{"ty":"fl","c":{"a":0,"k":[1,1,1,1],"ix":4},"o":{"a":0,"k":100,"ix":5},"r":1,"bm":0,"nm":"Fill 1","mn":"ADBE Vector Graphic - Fill","hd":false},{"ty":"tr","p":{"a":0,"k":[514.954,426.386],"ix":2},"a":{"a":0,"k":[0,0],"ix":1},"s":{"a":0,"k":[100,100],"ix":3},"r":{"a":0,"k":0,"ix":6},"o":{"a":0,"k":100,"ix":7},"sk":{"a":0,"k":0,"ix":4},"sa":{"a":0,"k":0,"ix":5},"nm":"Transform"}],"nm":"Group 1","np":2,"cix":2,"bm":0,"ix":1,"mn":"ADBE Vector Group","hd":false}],"ip":0,"op":1800.0000733155,"st":0,"bm":0},{"ddd":0,"ind":30,"ty":4,"nm":"kulicka4 Outlines","parent":13,"sr":1,"ks":{"o":{"a":0,"k":100,"ix":11},"r":{"a":0,"k":0,"ix":10},"p":{"a":0,"k":[0.671,0.18,0],"ix":2,"l":2},"a":{"a":0,"k":[321.171,470.68,0],"ix":1,"l":2},"s":{"a":0,"k":[100,100,100],"ix":6,"l":2}},"ao":0,"shapes":[{"ty":"gr","it":[{"ind":0,"ty":"sh","ix":1,"ks":{"a":0,"k":{"i":[[0,-11.287],[11.286,0],[0,11.287],[-11.287,0]],"o":[[0,11.287],[-11.287,0],[0,-11.287],[11.286,0]],"v":[[20.436,0],[0,20.436],[-20.436,0],[0,-20.436]],"c":true},"ix":2},"nm":"Path 1","mn":"ADBE Vector Shape - Group","hd":false},{"ty":"fl","c":{"a":0,"k":[1,1,1,1],"ix":4},"o":{"a":0,"k":100,"ix":5},"r":1,"bm":0,"nm":"Fill 1","mn":"ADBE Vector Graphic - Fill","hd":false},{"ty":"tr","p":{"a":0,"k":[321.171,470.68],"ix":2},"a":{"a":0,"k":[0,0],"ix":1},"s":{"a":0,"k":[100,100],"ix":3},"r":{"a":0,"k":0,"ix":6},"o":{"a":0,"k":100,"ix":7},"sk":{"a":0,"k":0,"ix":4},"sa":{"a":0,"k":0,"ix":5},"nm":"Transform"}],"nm":"Group 1","np":2,"cix":2,"bm":0,"ix":1,"mn":"ADBE Vector Group","hd":false}],"ip":0,"op":1800.0000733155,"st":0,"bm":0},{"ddd":0,"ind":31,"ty":4,"nm":"kulicka3 Outlines","parent":17,"sr":1,"ks":{"o":{"a":0,"k":100,"ix":11},"r":{"a":0,"k":0,"ix":10},"p":{"a":0,"k":[2.942,0.944,0],"ix":2,"l":2},"a":{"a":0,"k":[550.942,604.944,0],"ix":1,"l":2},"s":{"a":0,"k":[100,100,100],"ix":6,"l":2}},"ao":0,"shapes":[{"ty":"gr","it":[{"ind":0,"ty":"sh","ix":1,"ks":{"a":0,"k":{"i":[[0,-6.498],[6.497,0],[0,6.498],[-6.498,0]],"o":[[0,6.498],[-6.498,0],[0,-6.498],[6.497,0]],"v":[[11.766,0],[0,11.765],[-11.766,0],[0,-11.765]],"c":true},"ix":2},"nm":"Path 1","mn":"ADBE Vector Shape - Group","hd":false},{"ty":"fl","c":{"a":0,"k":[1,1,1,1],"ix":4},"o":{"a":0,"k":100,"ix":5},"r":1,"bm":0,"nm":"Fill 1","mn":"ADBE Vector Graphic - Fill","hd":false},{"ty":"tr","p":{"a":0,"k":[550.942,604.944],"ix":2},"a":{"a":0,"k":[0,0],"ix":1},"s":{"a":0,"k":[100,100],"ix":3},"r":{"a":0,"k":0,"ix":6},"o":{"a":0,"k":100,"ix":7},"sk":{"a":0,"k":0,"ix":4},"sa":{"a":0,"k":0,"ix":5},"nm":"Transform"}],"nm":"Group 1","np":2,"cix":2,"bm":0,"ix":1,"mn":"ADBE Vector Group","hd":false}],"ip":0,"op":1800.0000733155,"st":0,"bm":0},{"ddd":0,"ind":32,"ty":4,"nm":"kulicka2 Outlines","parent":14,"sr":1,"ks":{"o":{"a":0,"k":100,"ix":11},"r":{"a":0,"k":0,"ix":10},"p":{"a":0,"k":[1.529,-2.963,0],"ix":2,"l":2},"a":{"a":0,"k":[403.529,553.037,0],"ix":1,"l":2},"s":{"a":0,"k":[100,100,100],"ix":6,"l":2}},"ao":0,"shapes":[{"ty":"gr","it":[{"ind":0,"ty":"sh","ix":1,"ks":{"a":0,"k":{"i":[[0,-19.111],[19.111,0],[0,19.111],[-19.112,0]],"o":[[0,19.111],[-19.112,0],[0,-19.111],[19.111,0]],"v":[[34.604,0],[0,34.604],[-34.604,0],[0,-34.604]],"c":true},"ix":2},"nm":"Path 1","mn":"ADBE Vector Shape - Group","hd":false},{"ty":"fl","c":{"a":0,"k":[1,1,1,1],"ix":4},"o":{"a":0,"k":100,"ix":5},"r":1,"bm":0,"nm":"Fill 1","mn":"ADBE Vector Graphic - Fill","hd":false},{"ty":"tr","p":{"a":0,"k":[403.529,553.037],"ix":2},"a":{"a":0,"k":[0,0],"ix":1},"s":{"a":0,"k":[100,100],"ix":3},"r":{"a":0,"k":0,"ix":6},"o":{"a":0,"k":100,"ix":7},"sk":{"a":0,"k":0,"ix":4},"sa":{"a":0,"k":0,"ix":5},"nm":"Transform"}],"nm":"Group 1","np":2,"cix":2,"bm":0,"ix":1,"mn":"ADBE Vector Group","hd":false}],"ip":0,"op":1800.0000733155,"st":0,"bm":0},{"ddd":0,"ind":33,"ty":4,"nm":"kulicka1 Outlines","parent":18,"sr":1,"ks":{"o":{"a":0,"k":100,"ix":11},"r":{"a":0,"k":0,"ix":10},"p":{"a":0,"k":[-0.669,-5.192,0],"ix":2,"l":2},"a":{"a":0,"k":[656.831,669.308,0],"ix":1,"l":2},"s":{"a":0,"k":[100,100,100],"ix":6,"l":2}},"ao":0,"shapes":[{"ty":"gr","it":[{"ind":0,"ty":"sh","ix":1,"ks":{"a":0,"k":{"i":[[0,-12.28],[12.28,0],[0,12.28],[-12.281,0]],"o":[[0,12.28],[-12.281,0],[0,-12.28],[12.28,0]],"v":[[22.235,0],[0,22.235],[-22.236,0],[0,-22.235]],"c":true},"ix":2},"nm":"Path 1","mn":"ADBE Vector Shape - Group","hd":false},{"ty":"fl","c":{"a":0,"k":[1,1,1,1],"ix":4},"o":{"a":0,"k":100,"ix":5},"r":1,"bm":0,"nm":"Fill 1","mn":"ADBE Vector Graphic - Fill","hd":false},{"ty":"tr","p":{"a":0,"k":[656.831,669.308],"ix":2},"a":{"a":0,"k":[0,0],"ix":1},"s":{"a":0,"k":[100,100],"ix":3},"r":{"a":0,"k":0,"ix":6},"o":{"a":0,"k":100,"ix":7},"sk":{"a":0,"k":0,"ix":4},"sa":{"a":0,"k":0,"ix":5},"nm":"Transform"}],"nm":"Group 1","np":2,"cix":2,"bm":0,"ix":1,"mn":"ADBE Vector Group","hd":false}],"ip":0,"op":1800.0000733155,"st":0,"bm":0},{"ddd":0,"ind":34,"ty":4,"nm":"mozek Outlines","sr":1,"ks":{"o":{"a":0,"k":100,"ix":11},"r":{"a":0,"k":0,"ix":10},"p":{"a":0,"k":[545.808,546.938,0],"ix":2,"l":2},"a":{"a":0,"k":[545.808,546.938,0],"ix":1,"l":2},"s":{"a":0,"k":[100,100,100],"ix":6,"l":2}},"ao":0,"shapes":[{"ty":"gr","it":[{"ind":0,"ty":"sh","ix":1,"ks":{"a":0,"k":{"i":[[-7.688,56.251],[0,44.454],[21.31,19.301],[0,11.26],[53.633,2.867],[45.506,0],[13.661,-7.466],[32.46,0],[15.764,-31.495],[18.22,0],[16.609,-18.388],[2.465,-19.869],[3.284,0],[0,-44.798],[-6.394,-11.598],[0,-38.521],[-50.124,0],[-2.241,0.166],[0,0],[-40.851,0],[-13.673,10.498],[-24.608,-11.616],[0,0],[0,0],[-9.689,4.152],[-8.357,0.896],[5.2,58.516],[0.043,2.142]],"o":[[38.915,-15.528],[0,-31.017],[3.377,-10.125],[0,-54.347],[-9.918,-42.485],[-16.665,0],[-17.387,-24.652],[-37.616,0],[-14.216,-9.242],[-26.73,0],[-12.997,13.902],[-3.181,-0.379],[-44.797,0],[0,14.18],[-33.862,13.174],[0,50.124],[2.283,0],[0,0],[5.637,39.293],[18.571,0],[14.21,22.994],[0,0],[47.629,53.089],[11.296,7.414],[18.687,-0.692],[22.222,-2.381],[-0.073,-2.278],[53.853,-14.321]],"v":[[288.21,77.201],[354.636,-20.786],[319.937,-98.991],[325.17,-131.196],[228.929,-232.799],[135.418,-306.94],[89.422,-295.225],[10.897,-335.995],[-75.028,-282.865],[-124.415,-297.495],[-191.78,-267.547],[-215.996,-215.862],[-225.692,-216.458],[-306.805,-135.345],[-296.763,-96.243],[-354.636,-11.655],[-263.878,79.102],[-257.099,78.824],[-99.26,78.824],[-18.988,148.32],[30.357,131.568],[89.847,184.743],[89.847,185.823],[202.847,327.196],[231.445,331.842],[252.882,325.795],[185.774,200.012],[185.599,193.377]],"c":true},"ix":2},"nm":"Path 1","mn":"ADBE Vector Shape - Group","hd":false},{"ty":"fl","c":{"a":0,"k":[0.188235309077,0.654901960784,0.84313731474,1],"ix":4},"o":{"a":0,"k":100,"ix":5},"r":1,"bm":0,"nm":"Fill 1","mn":"ADBE Vector Graphic - Fill","hd":false},{"ty":"tr","p":{"a":0,"k":[545.808,547.859],"ix":2},"a":{"a":0,"k":[0,0],"ix":1},"s":{"a":0,"k":[100,100],"ix":3},"r":{"a":0,"k":0,"ix":6},"o":{"a":0,"k":100,"ix":7},"sk":{"a":0,"k":0,"ix":4},"sa":{"a":0,"k":0,"ix":5},"nm":"Transform"}],"nm":"Group 1","np":2,"cix":2,"bm":0,"ix":1,"mn":"ADBE Vector Group","hd":false}],"ip":0,"op":1800.0000733155,"st":0,"bm":0}],"markers":[]}